{
  "intv_space": {

    "B": [
      "left,0.005", "left,0.01", "left,0.015", 
      "forward,0.005", "forward,0.01", "forward,0.015",
      "right,0.005", "right,0.01", "right,0.015",
      "back,0.005", "back,0.01", "back,0.015"
    ],

    "occ_1": [
  "left,0.2", "left,0.3",
  "right,0.2", "right,0.3"
]
  
  },
  "object_priority": ["A", "B", "C", "occ_1"],
  "symbolic_goal": [
    "On(A, Goal_1)",
    "On(B, A)",
    "On(C, B)"
  ],
  "reward_shaping": {
    "shift_bonus": 0.0,
    "depth_penalty": 0.0
  },
  "termination_threshold": 1.0,
  "max_rollout_depth": 4
}